{"cameraMode":{"drawMode":0,"name":"Shaded","section":"Shading Mode"},"sceneLighting":false,"audioPlay":false,"sceneViewState":{"m_AlwaysRefresh":false,"showFog":true,"showSkybox":true,"showFlares":true,"showImageEffects":true,"showParticleSystems":true,"showVisualEffectGraphs":true,"m_FxEnabled":true},"in2DMode":false,"pivot":{"x":-3.4517178535461427,"y":5.8078227043151859,"z":0.3214069604873657},"rotation":{"x":-0.0031276652589440347,"y":0.9921402931213379,"z":-0.1226622462272644,"w":-0.025304418057203294},"size":5.743281841278076,"orthographic":false}